Image Name,IOU,Dice,mIoU,mDice
11270923_11271246_11271427_ch4.jpg,0.18710289359822252,0.31522607620152576,0.1326777883844925,0.1920950152746227
11271246_11271427_11271746_ch4.jpg,0.0,0.0,0.1326777883844925,0.1920950152746227
12042203_12050122_12050255_ch4.jpg,0.0,0.0,0.1326777883844925,0.1920950152746227
12160744_12160842_12160925_12161247_12161359_ch4.jpg,0.47628604832424004,0.6452490001715877,0.1326777883844925,0.1920950152746227
12170733_12170818_12170915_12171056_12171335_ch4.jpg,0.0,0.0,0.1326777883844925,0.1920950152746227
