Image Name,IOU,Dice,mIoU,mDice
11270923_11271246_11271427_ch4.jpg,0.2295974025974026,0.37345134612744113,0.14213360214448692,0.20490807819869533
11271246_11271427_11271746_ch4.jpg,0.0013492510802548207,0.002694866109500256,0.14213360214448692,0.20490807819869533
12042203_12050122_12050255_ch4.jpg,0.0,0.0,0.14213360214448692,0.20490807819869533
12160744_12160842_12160925_12161247_12161359_ch4.jpg,0.47972135704477714,0.6483941787565353,0.14213360214448692,0.20490807819869533
12170733_12170818_12170915_12171056_12171335_ch4.jpg,0.0,0.0,0.14213360214448692,0.20490807819869533
