Image Name,IOU,Dice,mIoU,mDice
11270923_11271246_11271427_ch4.jpg,0.6024655188842624,0.751923223039129,0.46013169381372254,0.6245783565812116
11271246_11271427_11271746_ch4.jpg,0.492911521969,0.6603358802119758,0.46013169381372254,0.6245783565812116
12042203_12050122_12050255_ch4.jpg,0.3179202862677351,0.48245753492127325,0.46013169381372254,0.6245783565812116
12160744_12160842_12160925_12161247_12161359_ch4.jpg,0.4728149068399953,0.6420561126101656,0.46013169381372254,0.6245783565812116
12170733_12170818_12170915_12171056_12171335_ch4.jpg,0.41454623510762,0.5861190321235148,0.46013169381372254,0.6245783565812116
