Image Name,IOU,Dice,mIoU,mDice
05180056_05180245_05180604.jpg,0.10686008091389522,0.19308688199445162,0.09330645364346431,0.16627696524737876
05180245_05180604_05180745.jpg,0.11896095529530866,0.21262753580872404,0.09330645364346431,0.16627696524737876
05181248_05181749.jpg,0.14120962394619685,0.24747359465460356,0.09330645364346431,0.16627696524737876
06090855_06090917_06091036_06091358.jpg,0.1434568470168061,0.2509178153789964,0.09330645364346431,0.16627696524737876
06160010_06160101_06160131_06160155_06160449.jpg,0.09465506056608529,0.17294043388816158,0.09330645364346431,0.16627696524737876
07030739_07030803_07030817_07030920_07030944_07031102_07031306.jpg,0.0601669808317811,0.11350472504732331,0.09330645364346431,0.16627696524737876
07032112_07040030_07040251.jpg,0.1564349804308945,0.2705469534873563,0.09330645364346431,0.16627696524737876
07060912_07061031_07061054_07061212_07061322_07061415_07061556.jpg,0.017940098115919952,0.03524784640888955,0.09330645364346431,0.16627696524737876
09090835_09090928_09091250_09091431.jpg,7.345567429115275e-05,0.00014690055790277098,0.09330645364346431,0.16627696524737876
