Image Name,IOU,Dice,mIoU,mDice
05180056_05180245_05180604.jpg,0.13754520247126734,0.2418281087599093,0.15068743484637329,0.25972949563572484
05180245_05180604_05180745.jpg,0.15148587506327674,0.2631137356417025,0.15068743484637329,0.25972949563572484
05181248_05181749.jpg,0.08663803642519043,0.15946071004510623,0.15068743484637329,0.25972949563572484
06090855_06090917_06091036_06091358.jpg,0.1288294156383314,0.2282531157561673,0.15068743484637329,0.25972949563572484
06160010_06160101_06160131_06160155_06160449.jpg,0.14941816527759372,0.2599892185304171,0.15068743484637329,0.25972949563572484
07030739_07030803_07030817_07030920_07030944_07031102_07031306.jpg,0.25455958657501315,0.4058150594025889,0.15068743484637329,0.25972949563572484
07032112_07040030_07040251.jpg,0.15363934346659466,0.2663559358246584,0.15068743484637329,0.25972949563572484
07060912_07061031_07061054_07061212_07061322_07061415_07061556.jpg,0.14745561836639623,0.25701319686128704,0.15068743484637329,0.25972949563572484
09090835_09090928_09091250_09091431.jpg,0.14661567033369605,0.2557363798996867,0.15068743484637329,0.25972949563572484
