Image Name,IOU,Dice,mIoU,mDice
05180056_05180245_05180604.jpg,0.006102749482782835,0.012131463681855826,0.023103217198231545,0.043344411920504325
05180245_05180604_05180745.jpg,0.005764395868259988,0.011462716103175792,0.023103217198231545,0.043344411920504325
05181248_05181749.jpg,0.00022816246337456183,0.00045622083427973164,0.023103217198231545,0.043344411920504325
06090855_06090917_06091036_06091358.jpg,0.10289158869137535,0.18658513628426582,0.023103217198231545,0.043344411920504325
06160010_06160101_06160131_06160155_06160449.jpg,0.011984923445648754,0.023685972326231864,0.023103217198231545,0.043344411920504325
07030739_07030803_07030817_07030920_07030944_07031102_07031306.jpg,0.016100507263626215,0.03169077694289341,0.023103217198231545,0.043344411920504325
07032112_07040030_07040251.jpg,0.053084924613680314,0.10081793666005483,0.023103217198231545,0.043344411920504325
07060912_07061031_07061054_07061212_07061322_07061415_07061556.jpg,0.0,0.0,0.023103217198231545,0.043344411920504325
09090835_09090928_09091250_09091431.jpg,0.011771702955335903,0.023269484451781623,0.023103217198231545,0.043344411920504325
