Image Name,IOU,Dice,mIoU,mDice
11270923_11271246_11271427_ch4.jpg,0.46838391494637405,0.6379583842873675,0.3447171509704522,0.49070976819847856
11271246_11271427_11271746_ch4.jpg,0.5604286267375493,0.7183008785339449,0.3447171509704522,0.49070976819847856
12042203_12050122_12050255_ch4.jpg,0.1528267272145786,0.2651339071290157,0.3447171509704522,0.49070976819847856
12160744_12160842_12160925_12161247_12161359_ch4.jpg,0.37358868511876564,0.5439600502918583,0.3447171509704522,0.49070976819847856
12170733_12170818_12170915_12171056_12171335_ch4.jpg,0.1683578008349933,0.2881956207502061,0.3447171509704522,0.49070976819847856
