Image Name,IOU,Dice,mIoU,mDice
11270923_11271246_11271427_ch4.jpg,0.5278758212618349,0.6909930950093512,0.3314806130250539,0.45624485458449004
11271246_11271427_11271746_ch4.jpg,0.5165074457603256,0.6811802305413228,0.3314806130250539,0.45624485458449004
12042203_12050122_12050255_ch4.jpg,0.026648458135696846,0.05191350149999367,0.3314806130250539,0.45624485458449004
12160744_12160842_12160925_12161247_12161359_ch4.jpg,0.45584894171086937,0.6262310994644397,0.3314806130250539,0.45624485458449004
12170733_12170818_12170915_12171056_12171335_ch4.jpg,0.13052239825654263,0.23090634640734287,0.3314806130250539,0.45624485458449004
