Image Name,IOU,Dice,mIoU,mDice
11270923_11271246_11271427_ch4.jpg,0.5112174827362389,0.6765637488664026,0.4344110790109146,0.5942439688873795
11271246_11271427_11271746_ch4.jpg,0.659891360978716,0.7951018681001226,0.4344110790109146,0.5942439688873795
12042203_12050122_12050255_ch4.jpg,0.3404396516956811,0.5079522248763958,0.4344110790109146,0.5942439688873795
12160744_12160842_12160925_12161247_12161359_ch4.jpg,0.3010265829905481,0.4627523940342655,0.4344110790109146,0.5942439688873795
12170733_12170818_12170915_12171056_12171335_ch4.jpg,0.3594803166533885,0.5288496085597113,0.4344110790109146,0.5942439688873795
