Image Name,IOU,Dice,mIoU,mDice
05180056_05180245_05180604.jpg,0.43100075298440577,0.6023766962882969,0.3811680366107333,0.5416646690997609
05180245_05180604_05180745.jpg,0.44628133630257233,0.6171431865994945,0.3811680366107333,0.5416646690997609
05181248_05181749.jpg,0.41761893809961886,0.5891836330282884,0.3811680366107333,0.5416646690997609
06090855_06090917_06091036_06091358.jpg,0.12917356932985194,0.22879311531621233,0.3811680366107333,0.5416646690997609
06160010_06160101_06160131_06160155_06160449.jpg,0.27265584938960785,0.4284832376645725,0.3811680366107333,0.5416646690997609
07030739_07030803_07030817_07030920_07030944_07031102_07031306.jpg,0.4795108523381325,0.6482018723692923,0.3811680366107333,0.5416646690997609
07032112_07040030_07040251.jpg,0.43720425014460146,0.6084093476631635,0.3811680366107333,0.5416646690997609
07060912_07061031_07061054_07061212_07061322_07061415_07061556.jpg,0.33492978202322155,0.5017938569257201,0.3811680366107333,0.5416646690997609
09090835_09090928_09091250_09091431.jpg,0.4821369988845876,0.6505970760428079,0.3811680366107333,0.5416646690997609
