Image Name,IOU,Dice,mIoU,mDice
05180056_05180245_05180604.jpg,0.23743308172023264,0.38375098456259493,0.20484804769363024,0.3365343739421826
05180245_05180604_05180745.jpg,0.23435683153164644,0.3797229869758905,0.20484804769363024,0.3365343739421826
05181248_05181749.jpg,0.16245069505610232,0.2794969210255616,0.20484804769363024,0.3365343739421826
06090855_06090917_06091036_06091358.jpg,0.23085723080080028,0.37511617923486335,0.20484804769363024,0.3365343739421826
06160010_06160101_06160131_06160155_06160449.jpg,0.18692081724746717,0.3149676280528073,0.20484804769363024,0.3365343739421826
07030739_07030803_07030817_07030920_07030944_07031102_07031306.jpg,0.24897714412039343,0.3986896722529514,0.20484804769363024,0.3365343739421826
07032112_07040030_07040251.jpg,0.2729427528949489,0.4288374355786506,0.20484804769363024,0.3365343739421826
07060912_07061031_07061054_07061212_07061322_07061415_07061556.jpg,0.18561497569176247,0.31311172597742026,0.20484804769363024,0.3365343739421826
09090835_09090928_09091250_09091431.jpg,0.08407890017931859,0.15511583181890362,0.20484804769363024,0.3365343739421826
