Image Name,IOU,Dice,mIoU,mDice
05180056_05180245_05180604.jpg,0.014255149788222642,0.028109593116089435,0.01050840185666587,0.020608199204124066
05180245_05180604_05180745.jpg,0.02167907241188061,0.04243812562530573,0.01050840185666587,0.020608199204124066
05181248_05181749.jpg,0.014438471656740786,0.028465938664886094,0.01050840185666587,0.020608199204124066
06090855_06090917_06091036_06091358.jpg,0.0,0.0,0.01050840185666587,0.020608199204124066
06160010_06160101_06160131_06160155_06160449.jpg,0.029379739308950947,0.05708241222753096,0.01050840185666587,0.020608199204124066
07030739_07030803_07030817_07030920_07030944_07031102_07031306.jpg,0.011341233598477692,0.022428104821009175,0.01050840185666587,0.020608199204124066
07032112_07040030_07040251.jpg,0.002480907721378998,0.004949536100429197,0.01050840185666587,0.020608199204124066
07060912_07061031_07061054_07061212_07061322_07061415_07061556.jpg,0.0,0.0,0.01050840185666587,0.020608199204124066
09090835_09090928_09091250_09091431.jpg,0.0010010422243411654,0.002000082281866026,0.01050840185666587,0.020608199204124066
