Image Name,IOU,Dice,mIoU,mDice
05180056_05180245_05180604.jpg,0.19713929748567527,0.32935064098175126,0.1872810555049927,0.2999990921481543
05180245_05180604_05180745.jpg,0.20899897705684642,0.3457388815425266,0.1872810555049927,0.2999990921481543
05181248_05181749.jpg,0.25725472321611703,0.40923246254831686,0.1872810555049927,0.2999990921481543
06090855_06090917_06091036_06091358.jpg,0.17370078699800368,0.29598819208817506,0.1872810555049927,0.2999990921481543
06160010_06160101_06160131_06160155_06160449.jpg,0.16166587767635107,0.278334555198827,0.1872810555049927,0.2999990921481543
07030739_07030803_07030817_07030920_07030944_07031102_07031306.jpg,0.29891858937901744,0.4602576201822216,0.1872810555049927,0.2999990921481543
07032112_07040030_07040251.jpg,0.3630881699256242,0.5327434834174165,0.1872810555049927,0.2999990921481543
07060912_07061031_07061054_07061212_07061322_07061415_07061556.jpg,0.024587769638262834,0.04799543849121623,0.1872810555049927,0.2999990921481543
09090835_09090928_09091250_09091431.jpg,0.00017530816903603232,0.00035055488293739024,0.1872810555049927,0.2999990921481543
