Image Name,IOU,Dice,mIoU,mDice
11270923_11271246_11271427_ch4.jpg,0.5397869439701394,0.7011190036179542,0.44165685198332766,0.6069859148013345
11271246_11271427_11271746_ch4.jpg,0.5297301423258439,0.6925798579355017,0.44165685198332766,0.6069859148013345
12042203_12050122_12050255_ch4.jpg,0.4656815138018614,0.6354470728008578,0.44165685198332766,0.6069859148013345
12160744_12160842_12160925_12161247_12161359_ch4.jpg,0.3656529894021438,0.53549912348117,0.44165685198332766,0.6069859148013345
12170733_12170818_12170915_12171056_12171335_ch4.jpg,0.3074326704166498,0.4702845161711889,0.44165685198332766,0.6069859148013345
