Image Name,IOU,Dice,mIoU,mDice
11270923_11271246_11271427_ch4.jpg,0.553382504242327,0.7124871082698889,0.45917014387649946,0.6238120440966105
11271246_11271427_11271746_ch4.jpg,0.5154273720996791,0.680240282826007,0.45917014387649946,0.6238120440966105
12042203_12050122_12050255_ch4.jpg,0.52858401126815,0.6915995553684015,0.45917014387649946,0.6238120440966105
12160744_12160842_12160925_12161247_12161359_ch4.jpg,0.36856948212880414,0.5386200509973317,0.45917014387649946,0.6238120440966105
12170733_12170818_12170915_12171056_12171335_ch4.jpg,0.3298873496435367,0.49611322302142324,0.45917014387649946,0.6238120440966105
