Image Name,IOU,Dice,mIoU,mDice
05180056_05180245_05180604.jpg,0.15916384196150893,0.2746183692068513,0.18652147118584486,0.3076207890458899
05180245_05180604_05180745.jpg,0.17204258833858926,0.29357736664239403,0.18652147118584486,0.3076207890458899
05181248_05181749.jpg,0.19942591459879985,0.3325356108643134,0.18652147118584486,0.3076207890458899
06090855_06090917_06091036_06091358.jpg,0.14724086427787159,0.25668692401495313,0.18652147118584486,0.3076207890458899
06160010_06160101_06160131_06160155_06160449.jpg,0.23313308321159137,0.37811504108610217,0.18652147118584486,0.3076207890458899
07030739_07030803_07030817_07030920_07030944_07031102_07031306.jpg,0.22766173797784103,0.3708867531423387,0.18652147118584486,0.3076207890458899
07032112_07040030_07040251.jpg,0.33712495400969594,0.5042534775807517,0.18652147118584486,0.3076207890458899
07060912_07061031_07061054_07061212_07061322_07061415_07061556.jpg,0.1606195577184837,0.27678244201609964,0.18652147118584486,0.3076207890458899
09090835_09090928_09091250_09091431.jpg,0.042280698578221934,0.08113111685920531,0.18652147118584486,0.3076207890458899
