Image Name,IOU,Dice,mIoU,mDice
11270923_11271246_11271427_ch4.jpg,0.14846423042397908,0.2585439345710758,0.12906728483215954,0.1847752713429322
11271246_11271427_11271746_ch4.jpg,0.001315092825058496,0.0026267312546905917,0.12906728483215954,0.1847752713429322
12042203_12050122_12050255_ch4.jpg,0.0,0.0,0.12906728483215954,0.1847752713429322
12160744_12160842_12160925_12161247_12161359_ch4.jpg,0.49555710091176014,0.6627056908888946,0.12906728483215954,0.1847752713429322
12170733_12170818_12170915_12171056_12171335_ch4.jpg,0.0,0.0,0.12906728483215954,0.1847752713429322
