Image Name,IOU,Dice,mIoU,mDice
05180056_05180245_05180604.jpg,0.03033608711367566,0.05888580919000408,0.059181162511661195,0.10676445499453618
05180245_05180604_05180745.jpg,0.03160549188184914,0.0612743769407326,0.059181162511661195,0.10676445499453618
05181248_05181749.jpg,0.02603931802176085,0.050756959434976726,0.059181162511661195,0.10676445499453618
06090855_06090917_06091036_06091358.jpg,0.06268900436965838,0.11798184438135373,0.059181162511661195,0.10676445499453618
06160010_06160101_06160131_06160155_06160449.jpg,0.03089415797190596,0.0599366244012567,0.059181162511661195,0.10676445499453618
07030739_07030803_07030817_07030920_07030944_07031102_07031306.jpg,0.2003117094474212,0.33376615069370147,0.059181162511661195,0.10676445499453618
07032112_07040030_07040251.jpg,0.10932867762663466,0.19710781814554562,0.059181162511661195,0.10676445499453618
07060912_07061031_07061054_07061212_07061322_07061415_07061556.jpg,0.02096047275153076,0.041060302158498686,0.059181162511661195,0.10676445499453618
09090835_09090928_09091250_09091431.jpg,0.020465543420514123,0.04011020960475618,0.059181162511661195,0.10676445499453618
