Image Name,IOU,Dice,mIoU,mDice
11270923_11271246_11271427_ch4.jpg,0.23219336777144628,0.37687813267716713,0.18354025627217446,0.2883022970683168
11271246_11271427_11271746_ch4.jpg,0.25203042170510004,0.40259472507364136,0.18354025627217446,0.2883022970683168
12042203_12050122_12050255_ch4.jpg,0.0026365152146727803,0.005259164561961481,0.18354025627217446,0.2883022970683168
12160744_12160842_12160925_12161247_12161359_ch4.jpg,0.36726166483238865,0.5372222073927757,0.18354025627217446,0.2883022970683168
12170733_12170818_12170915_12171056_12171335_ch4.jpg,0.06357931183726466,0.11955725563603808,0.18354025627217446,0.2883022970683168
