Image Name,IOU,Dice,mIoU,mDice
05180056_05180245_05180604.jpg,0.24745736052053457,0.3967387877967652,0.2660429214458009,0.41276641492137645
05180245_05180604_05180745.jpg,0.2701736416012231,0.42541213697464736,0.2660429214458009,0.41276641492137645
05181248_05181749.jpg,0.2968586313440825,0.45781186039748073,0.2660429214458009,0.41276641492137645
06090855_06090917_06091036_06091358.jpg,0.16630402487906504,0.2851812586281853,0.2660429214458009,0.41276641492137645
06160010_06160101_06160131_06160155_06160449.jpg,0.32319474081874666,0.48850668892284904,0.2660429214458009,0.41276641492137645
07030739_07030803_07030817_07030920_07030944_07031102_07031306.jpg,0.37840450823532096,0.5490471134917673,0.2660429214458009,0.41276641492137645
07032112_07040030_07040251.jpg,0.35762968750937096,0.5268442356552437,0.2660429214458009,0.41276641492137645
07060912_07061031_07061054_07061212_07061322_07061415_07061556.jpg,0.25950301097279416,0.41207207717965433,0.2660429214458009,0.41276641492137645
09090835_09090928_09091250_09091431.jpg,0.09486068713106989,0.17328357524579519,0.2660429214458009,0.41276641492137645
