Image Name,IOU,Dice,mIoU,mDice
05180056_05180245_05180604.jpg,0.14245129320654748,0.24937832195318502,0.20474633678166893,0.3352437742954851
05180245_05180604_05180745.jpg,0.14371018449802003,0.2513052457622298,0.20474633678166893,0.3352437742954851
05181248_05181749.jpg,0.15155325851385498,0.2632153700115322,0.20474633678166893,0.3352437742954851
06090855_06090917_06091036_06091358.jpg,0.1788038960172708,0.3033649559886611,0.20474633678166893,0.3352437742954851
06160010_06160101_06160131_06160155_06160449.jpg,0.2759634935751924,0.4325570362549403,0.20474633678166893,0.3352437742954851
07030739_07030803_07030817_07030920_07030944_07031102_07031306.jpg,0.22927083858128872,0.3730192426038383,0.20474633678166893,0.3352437742954851
07032112_07040030_07040251.jpg,0.2438587631539438,0.3921004062159155,0.20474633678166893,0.3352437742954851
07060912_07061031_07061054_07061212_07061322_07061415_07061556.jpg,0.14591076823449764,0.25466340360742407,0.20474633678166893,0.3352437742954851
09090835_09090928_09091250_09091431.jpg,0.3311945352544043,0.49758998626163947,0.20474633678166893,0.3352437742954851
