Image Name,IOU,Dice,mIoU,mDice
05180056_05180245_05180604.jpg,0.41494462157413076,0.5865171191117055,0.4129439787619542,0.571375311601988
05180245_05180604_05180745.jpg,0.46096203049841367,0.6310390289077594,0.4129439787619542,0.571375311601988
05181248_05181749.jpg,0.5326567722241561,0.6950763952860456,0.4129439787619542,0.571375311601988
06090855_06090917_06091036_06091358.jpg,0.14159827072653763,0.24807022637905968,0.4129439787619542,0.571375311601988
06160010_06160101_06160131_06160155_06160449.jpg,0.3762600590573134,0.5467862800799981,0.4129439787619542,0.571375311601988
07030739_07030803_07030817_07030920_07030944_07031102_07031306.jpg,0.44951886557187204,0.6202318248469646,0.4129439787619542,0.571375311601988
07032112_07040030_07040251.jpg,0.6177380323151784,0.7637058905404118,0.4129439787619542,0.571375311601988
07060912_07061031_07061054_07061212_07061322_07061415_07061556.jpg,0.2785818054332545,0.435766885230868,0.4129439787619542,0.571375311601988
09090835_09090928_09091250_09091431.jpg,0.44423535145673126,0.6151841540350779,0.4129439787619542,0.571375311601988
