Image Name,IOU,Dice,mIoU,mDice
11270923_11271246_11271427_ch4.jpg,0.3709591548055663,0.5411673331116519,0.29827482562703816,0.42754464987175866
11271246_11271427_11271746_ch4.jpg,0.380828389037411,0.551594089549231,0.29827482562703816,0.42754464987175866
12042203_12050122_12050255_ch4.jpg,0.08616475770197012,0.15865872482232135,0.29827482562703816,0.42754464987175866
12160744_12160842_12160925_12161247_12161359_ch4.jpg,0.5629464746251926,0.7203656475314573,0.29827482562703816,0.42754464987175866
12170733_12170818_12170915_12171056_12171335_ch4.jpg,0.09047535196505085,0.16593745434413182,0.29827482562703816,0.42754464987175866
