Image Name,IOU,Dice,mIoU,mDice
05180056_05180245_05180604.jpg,0.4889939015059977,0.656811154177891,0.404276178510969,0.5646014886666899
05180245_05180604_05180745.jpg,0.47915976025690826,0.6478810107350207,0.404276178510969,0.5646014886666899
05181248_05181749.jpg,0.5416780645796632,0.7027122938631822,0.404276178510969,0.5646014886666899
06090855_06090917_06091036_06091358.jpg,0.1336619178840077,0.2358056061960503,0.404276178510969,0.5646014886666899
06160010_06160101_06160131_06160155_06160449.jpg,0.3922827833899077,0.5635102122498188,0.404276178510969,0.5646014886666899
07030739_07030803_07030817_07030920_07030944_07031102_07031306.jpg,0.4018245472051911,0.5732879310842519,0.404276178510969,0.5646014886666899
07032112_07040030_07040251.jpg,0.49147297071324964,0.6590437511961323,0.404276178510969,0.5646014886666899
07060912_07061031_07061054_07061212_07061322_07061415_07061556.jpg,0.4102276973621736,0.5817893069743322,0.404276178510969,0.5646014886666899
09090835_09090928_09091250_09091431.jpg,0.2991839637016219,0.46057213152352955,0.404276178510969,0.5646014886666899
