Image Name,IOU,Dice,mIoU,mDice
05180056_05180245_05180604.jpg,0.011807504801300044,0.023339429180491828,0.011864746529210981,0.023369572117430758
05180245_05180604_05180745.jpg,0.018066659180398535,0.03549209478079406,0.011864746529210981,0.023369572117430758
05181248_05181749.jpg,0.007423463747043412,0.014737524018811992,0.011864746529210981,0.023369572117430758
06090855_06090917_06091036_06091358.jpg,0.004283281666157272,0.008530026824804032,0.011864746529210981,0.023369572117430758
06160010_06160101_06160131_06160155_06160449.jpg,0.01778447216452241,0.034947422859969886,0.011864746529210981,0.023369572117430758
07030739_07030803_07030817_07030920_07030944_07031102_07031306.jpg,0.013002171596421622,0.02567057003625391,0.011864746529210981,0.023369572117430758
07032112_07040030_07040251.jpg,0.021542519461021398,0.04217645188648144,0.011864746529210981,0.023369572117430758
07060912_07061031_07061054_07061212_07061322_07061415_07061556.jpg,0.0002944911912487794,0.000588808983438608,0.011864746529210981,0.023369572117430758
09090835_09090928_09091250_09091431.jpg,0.01257815495478536,0.024843820485831065,0.011864746529210981,0.023369572117430758
