Image Name,IOU,Dice,mIoU,mDice
05180056_05180245_05180604.jpg,0.1094847378815046,0.19736141317375708,0.08943158201114665,0.15958478917273972
05180245_05180604_05180745.jpg,0.10487343153711244,0.18983791001510705,0.08943158201114665,0.15958478917273972
05181248_05181749.jpg,0.04155041157345854,0.07978569469467887,0.08943158201114665,0.15958478917273972
06090855_06090917_06091036_06091358.jpg,0.13657162582995475,0.2403220751357866,0.08943158201114665,0.15958478917273972
06160010_06160101_06160131_06160155_06160449.jpg,0.10751390810677561,0.19415360352551017,0.08943158201114665,0.15958478917273972
07030739_07030803_07030817_07030920_07030944_07031102_07031306.jpg,0.19173902574221585,0.32178022469776996,0.08943158201114665,0.15958478917273972
07032112_07040030_07040251.jpg,0.0815452116618232,0.1507939026173983,0.08943158201114665,0.15958478917273972
07060912_07061031_07061054_07061212_07061322_07061415_07061556.jpg,0.015640013084616246,0.030798339732826623,0.08943158201114665,0.15958478917273972
09090835_09090928_09091250_09091431.jpg,0.015965872682858602,0.03142993896182272,0.08943158201114665,0.15958478917273972
