Image Name,IOU,Dice,mIoU,mDice
11270923_11271246_11271427_ch4.jpg,0.5589250746105001,0.7170647053068262,0.44833073630923936,0.6147078628092592
11271246_11271427_11271746_ch4.jpg,0.4843270106338648,0.6525880175515212,0.44833073630923936,0.6147078628092592
12042203_12050122_12050255_ch4.jpg,0.48429418396602486,0.6525582181720793,0.44833073630923936,0.6147078628092592
12160744_12160842_12160925_12161247_12161359_ch4.jpg,0.38337838872647784,0.5542639553295488,0.44833073630923936,0.6147078628092592
12170733_12170818_12170915_12171056_12171335_ch4.jpg,0.33072902360932893,0.4970644176863212,0.44833073630923936,0.6147078628092592
