Image Name,IOU,Dice,mIoU,mDice
05180056_05180245_05180604.jpg,0.09668546754703655,0.1763230578103557,0.08415640473116387,0.15068546943105549
05180245_05180604_05180745.jpg,0.08189643520956348,0.1513942232256272,0.08415640473116387,0.15068546943105549
05181248_05181749.jpg,0.12179957729084663,0.21715033550822582,0.08415640473116387,0.15068546943105549
06090855_06090917_06091036_06091358.jpg,0.03911804304873144,0.0752908551832295,0.08415640473116387,0.15068546943105549
06160010_06160101_06160131_06160155_06160449.jpg,0.1313697609169556,0.23223134549836771,0.08415640473116387,0.15068546943105549
07030739_07030803_07030817_07030920_07030944_07031102_07031306.jpg,0.19050515570937224,0.3200408747425511,0.08415640473116387,0.15068546943105549
07032112_07040030_07040251.jpg,0.04515748767016834,0.0864127908050144,0.08415640473116387,0.15068546943105549
07060912_07061031_07061054_07061212_07061322_07061415_07061556.jpg,0.00280272613584007,0.00558978563339169,0.08415640473116387,0.15068546943105549
09090835_09090928_09091250_09091431.jpg,0.0480729890519606,0.09173595647273622,0.08415640473116387,0.15068546943105549
