Image Name,IOU,Dice,mIoU,mDice
11270923_11271246_11271427_ch4.jpg,0.554931163779836,0.7137694281345167,0.4805167839192461,0.646525376358705
11271246_11271427_11271746_ch4.jpg,0.5043102429297524,0.6704870159596492,0.4805167839192461,0.646525376358705
12042203_12050122_12050255_ch4.jpg,0.5271524164783699,0.6903730247095953,0.4805167839192461,0.646525376358705
12160744_12160842_12160925_12161247_12161359_ch4.jpg,0.438039434300208,0.6092175553076828,0.4805167839192461,0.646525376358705
12170733_12170818_12170915_12171056_12171335_ch4.jpg,0.3781506621080644,0.5487798576820807,0.4805167839192461,0.646525376358705
