Image Name,IOU,Dice,mIoU,mDice
11270923_11271246_11271427_ch4.jpg,0.6439425006464489,0.7834124373489108,0.4406812324840442,0.5937506424171727
11271246_11271427_11271746_ch4.jpg,0.5986600132676111,0.7489522578899922,0.4406812324840442,0.5937506424171727
12042203_12050122_12050255_ch4.jpg,0.2037935500657161,0.3385855490828819,0.4406812324840442,0.5937506424171727
12160744_12160842_12160925_12161247_12161359_ch4.jpg,0.3966514154912619,0.5680034561118354,0.4406812324840442,0.5937506424171727
12170733_12170818_12170915_12171056_12171335_ch4.jpg,0.36035868294918294,0.5297995116522433,0.4406812324840442,0.5937506424171727
