Image Name,IOU,Dice,mIoU,mDice
11270923_11271246_11271427_ch4.jpg,0.5253439448359364,0.6888203104807835,0.43255798947815033,0.6015162673380746
11271246_11271427_11271746_ch4.jpg,0.4350092094296328,0.6062807215049638,0.43255798947815033,0.6015162673380746
12042203_12050122_12050255_ch4.jpg,0.459425621292908,0.6295978562934944,0.43255798947815033,0.6015162673380746
12160744_12160842_12160925_12161247_12161359_ch4.jpg,0.39141414985877965,0.5626134388506914,0.43255798947815033,0.6015162673380746
12170733_12170818_12170915_12171056_12171335_ch4.jpg,0.3515970219734952,0.5202690095604398,0.43255798947815033,0.6015162673380746
