Image Name,IOU,Dice,mIoU,mDice
05180056_05180245_05180604.jpg,0.0,0.0,3.28776194011246e-05,6.574258865349111e-05
05180245_05180604_05180745.jpg,0.0,0.0,3.28776194011246e-05,6.574258865349111e-05
05181248_05181749.jpg,0.0002290664906916151,0.0004580280625023145,3.28776194011246e-05,6.574258865349111e-05
06090855_06090917_06091036_06091358.jpg,0.0,0.0,3.28776194011246e-05,6.574258865349111e-05
06160010_06160101_06160131_06160155_06160449.jpg,0.0,0.0,3.28776194011246e-05,6.574258865349111e-05
07030739_07030803_07030817_07030920_07030944_07031102_07031306.jpg,0.0,0.0,3.28776194011246e-05,6.574258865349111e-05
07032112_07040030_07040251.jpg,6.683208391850627e-05,0.00013365523537910555,3.28776194011246e-05,6.574258865349111e-05
07060912_07061031_07061054_07061212_07061322_07061415_07061556.jpg,0.0,0.0,3.28776194011246e-05,6.574258865349111e-05
09090835_09090928_09091250_09091431.jpg,0.0,0.0,3.28776194011246e-05,6.574258865349111e-05
