Image Name,IOU,Dice,mIoU,mDice
05180056_05180245_05180604.jpg,0.08256000484517359,0.15252735086399433,0.06433099273091443,0.11712120594508743
05180245_05180604_05180745.jpg,0.08197162768318614,0.15152269354550651,0.06433099273091443,0.11712120594508743
05181248_05181749.jpg,0.02720569473421115,0.052970295771677174,0.06433099273091443,0.11712120594508743
06090855_06090917_06091036_06091358.jpg,0.07238562091503269,0.13499923815328355,0.06433099273091443,0.11712120594508743
06160010_06160101_06160131_06160155_06160449.jpg,0.04254739237479349,0.08162198224461685,0.06433099273091443,0.11712120594508743
07030739_07030803_07030817_07030920_07030944_07031102_07031306.jpg,0.1745710170715457,0.2972506805195793,0.06433099273091443,0.11712120594508743
07032112_07040030_07040251.jpg,0.07909135413766955,0.14658880146597697,0.06433099273091443,0.11712120594508743
07060912_07061031_07061054_07061212_07061322_07061415_07061556.jpg,0.018646222816617535,0.03660981094115211,0.06433099273091443,0.11712120594508743
09090835_09090928_09091250_09091431.jpg,0.0,0.0,0.06433099273091443,0.11712120594508743
