Image Name,IOU,Dice,mIoU,mDice
11270923_11271246_11271427_ch4.jpg,0.296325934706791,0.4571781320934776,0.22222123513843436,0.3467512590904719
11271246_11271427_11271746_ch4.jpg,0.3373818177855037,0.5045407576187263,0.22222123513843436,0.3467512590904719
12042203_12050122_12050255_ch4.jpg,0.04292065679056895,0.08230857546277931,0.22222123513843436,0.3467512590904719
12160744_12160842_12160925_12161247_12161359_ch4.jpg,0.32119778701374174,0.4862221087120258,0.22222123513843436,0.3467512590904719
12170733_12170818_12170915_12171056_12171335_ch4.jpg,0.11327997939556628,0.2035067215653504,0.22222123513843436,0.3467512590904719
