Image Name,IOU,Dice,mIoU,mDice
05180056_05180245_05180604.jpg,0.29950818176231453,0.4609562078418616,0.35532624157877535,0.5149372993728032
05180245_05180604_05180745.jpg,0.3175848801076549,0.4820712272923263,0.35532624157877535,0.5149372993728032
05181248_05181749.jpg,0.3235739214392831,0.4889397051392819,0.35532624157877535,0.5149372993728032
06090855_06090917_06091036_06091358.jpg,0.12875086626956797,0.22812982052466435,0.35532624157877535,0.5149372993728032
06160010_06160101_06160131_06160155_06160449.jpg,0.32723700525409666,0.4931101287240674,0.35532624157877535,0.5149372993728032
07030739_07030803_07030817_07030920_07030944_07031102_07031306.jpg,0.410964474784437,0.5825298682267999,0.35532624157877535,0.5149372993728032
07032112_07040030_07040251.jpg,0.4907817287688386,0.6584219799556444,0.35532624157877535,0.5149372993728032
07060912_07061031_07061054_07061212_07061322_07061415_07061556.jpg,0.47219211623443946,0.641481653144847,0.35532624157877535,0.5149372993728032
09090835_09090928_09091250_09091431.jpg,0.4273429995883456,0.5987951035057361,0.35532624157877535,0.5149372993728032
