Image Name,IOU,Dice,mIoU,mDice
05180056_05180245_05180604.jpg,0.18780032852959153,0.31621531669733477,0.14431349847451883,0.24281101607301642
05180245_05180604_05180745.jpg,0.19468242779163503,0.3259149431895547,0.14431349847451883,0.24281101607301642
05181248_05181749.jpg,0.25958275013713317,0.4121726025683853,0.14431349847451883,0.24281101607301642
06090855_06090917_06091036_06091358.jpg,0.16500196752724597,0.2832647019085606,0.14431349847451883,0.24281101607301642
06160010_06160101_06160131_06160155_06160449.jpg,0.11587365514067084,0.2076823923691673,0.14431349847451883,0.24281101607301642
07030739_07030803_07030817_07030920_07030944_07031102_07031306.jpg,0.22320298101841163,0.36494839283759395,0.14431349847451883,0.24281101607301642
07032112_07040030_07040251.jpg,0.1292770133580845,0.22895536140182077,0.14431349847451883,0.24281101607301642
07060912_07061031_07061054_07061212_07061322_07061415_07061556.jpg,0.006266621914709779,0.012455191851212834,0.14431349847451883,0.24281101607301642
09090835_09090928_09091250_09091431.jpg,0.01713374085318704,0.03369024183351739,0.14431349847451883,0.24281101607301642
