Image Name,IOU,Dice,mIoU,mDice
05180056_05180245_05180604.jpg,0.0009136297049239141,0.0018255914952287305,0.01716863895362449,0.03223873662116096
05180245_05180604_05180745.jpg,0.0018778408992360287,0.003748642444373401,0.01716863895362449,0.03223873662116096
05181248_05181749.jpg,0.0034559881641074244,0.006888170891142711,0.01716863895362449,0.03223873662116096
06090855_06090917_06091036_06091358.jpg,0.0953625283632976,0.17412048685979667,0.01716863895362449,0.03223873662116096
06160010_06160101_06160131_06160155_06160449.jpg,0.0017479799035930103,0.00348985960273408,0.01716863895362449,0.03223873662116096
07030739_07030803_07030817_07030920_07030944_07031102_07031306.jpg,0.017688858781648952,0.0347628032458282,0.01716863895362449,0.03223873662116096
07032112_07040030_07040251.jpg,0.028501273327088954,0.05542292278334368,0.01716863895362449,0.03223873662116096
07060912_07061031_07061054_07061212_07061322_07061415_07061556.jpg,0.004969651438724526,0.009890152268001174,0.01716863895362449,0.03223873662116096
09090835_09090928_09091250_09091431.jpg,0.0,0.0,0.01716863895362449,0.03223873662116096
