Image Name,IOU,Dice,mIoU,mDice
05180056_05180245_05180604.jpg,0.24486669834930724,0.393402279415138,0.22882289513549653,0.3686982012651686
05180245_05180604_05180745.jpg,0.26295271398470055,0.4164094365102033,0.22882289513549653,0.3686982012651686
05181248_05181749.jpg,0.22816540738846403,0.3715548508626838,0.22882289513549653,0.3686982012651686
06090855_06090917_06091036_06091358.jpg,0.11070027118882479,0.19933419313986134,0.22882289513549653,0.3686982012651686
06160010_06160101_06160131_06160155_06160449.jpg,0.20363786645695653,0.33837065471591965,0.22882289513549653,0.3686982012651686
07030739_07030803_07030817_07030920_07030944_07031102_07031306.jpg,0.2676151330258399,0.42223404573442347,0.22882289513549653,0.3686982012651686
07032112_07040030_07040251.jpg,0.30769817456314147,0.47059509686313233,0.22882289513549653,0.3686982012651686
07060912_07061031_07061054_07061212_07061322_07061415_07061556.jpg,0.16267990924028733,0.2798361061327444,0.22882289513549653,0.3686982012651686
09090835_09090928_09091250_09091431.jpg,0.2710898820219471,0.42654714801241156,0.22882289513549653,0.3686982012651686
