Image Name,IOU,Dice,mIoU,mDice
11270923_11271246_11271427_ch4.jpg,0.519717808325912,0.6839662014600221,0.4634052032563541,0.6297130319887997
11271246_11271427_11271746_ch4.jpg,0.5406441477155056,0.7018416920184747,0.4634052032563541,0.6297130319887997
12042203_12050122_12050255_ch4.jpg,0.5102440713385086,0.6757107424183249,0.4634052032563541,0.6297130319887997
12160744_12160842_12160925_12161247_12161359_ch4.jpg,0.3799661389603929,0.5506890759604334,0.4634052032563541,0.6297130319887997
12170733_12170818_12170915_12171056_12171335_ch4.jpg,0.36645384994145125,0.5363574480867433,0.4634052032563541,0.6297130319887997
