Image Name,IOU,Dice,mIoU,mDice
05180056_05180245_05180604.jpg,0.14980282718328178,0.26057133213050065,0.16605474761598313,0.2797626126304438
05180245_05180604_05180745.jpg,0.15205299329902264,0.26396874828405803,0.16605474761598313,0.2797626126304438
05181248_05181749.jpg,0.13815810201959733,0.2427748865020485,0.16605474761598313,0.2797626126304438
06090855_06090917_06091036_06091358.jpg,0.1867914097384648,0.31478389244429794,0.16605474761598313,0.2797626126304438
06160010_06160101_06160131_06160155_06160449.jpg,0.2874086852761006,0.44649176064003676,0.16605474761598313,0.2797626126304438
07030739_07030803_07030817_07030920_07030944_07031102_07031306.jpg,0.210964448860952,0.3484238518469931,0.16605474761598313,0.2797626126304438
07032112_07040030_07040251.jpg,0.2137941900218753,0.3522742022978743,0.16605474761598313,0.2797626126304438
07060912_07061031_07061054_07061212_07061322_07061415_07061556.jpg,0.08049267663080098,0.14899254455253458,0.16605474761598313,0.2797626126304438
09090835_09090928_09091250_09091431.jpg,0.07502739551375263,0.1395822949756499,0.16605474761598313,0.2797626126304438
