Image Name,IOU,Dice,mIoU,mDice
05180056_05180245_05180604.jpg,0.055528257861142565,0.10521415688796737,0.05479306000709037,0.1001411942643012
05180245_05180604_05180745.jpg,0.05887418611950749,0.11120147585288813,0.05479306000709037,0.1001411942643012
05181248_05181749.jpg,0.021671971322144483,0.04242451967063129,0.05479306000709037,0.1001411942643012
06090855_06090917_06091036_06091358.jpg,0.12859906602110557,0.22789149821731414,0.05479306000709037,0.1001411942643012
06160010_06160101_06160131_06160155_06160449.jpg,0.03273355487234742,0.06339206219825694,0.05479306000709037,0.1001411942643012
07030739_07030803_07030817_07030920_07030944_07031102_07031306.jpg,0.14265244401053664,0.24968649873945611,0.05479306000709037,0.1001411942643012
07032112_07040030_07040251.jpg,0.04951562735891961,0.09435900918126293,0.05479306000709037,0.1001411942643012
07060912_07061031_07061054_07061212_07061322_07061415_07061556.jpg,0.0001436807962973153,0.00028732031018367105,0.05479306000709037,0.1001411942643012
09090835_09090928_09091250_09091431.jpg,0.003418751701812241,0.006814207320750166,0.05479306000709037,0.1001411942643012
