Image Name,IOU,Dice,mIoU,mDice
05180056_05180245_05180604.jpg,0.1556034883120904,0.26930255902804445,0.14684184568437908,0.2525699196630794
05180245_05180604_05180745.jpg,0.1635842558475746,0.2811730307031648,0.14684184568437908,0.2525699196630794
05181248_05181749.jpg,0.06165100429363002,0.11614175288168176,0.14684184568437908,0.2525699196630794
06090855_06090917_06091036_06091358.jpg,0.17426574439575562,0.29680801850424054,0.14684184568437908,0.2525699196630794
06160010_06160101_06160131_06160155_06160449.jpg,0.1734081737506965,0.2955632620086708,0.14684184568437908,0.2525699196630794
07030739_07030803_07030817_07030920_07030944_07031102_07031306.jpg,0.22433061727623765,0.36645431243940446,0.14684184568437908,0.2525699196630794
07032112_07040030_07040251.jpg,0.08898010962445248,0.16341916411152507,0.14684184568437908,0.2525699196630794
07060912_07061031_07061054_07061212_07061322_07061415_07061556.jpg,0.0905594376438411,0.16607886653018233,0.14684184568437908,0.2525699196630794
09090835_09090928_09091250_09091431.jpg,0.18919378001513304,0.3181883107608004,0.14684184568437908,0.2525699196630794
