Image Name,IOU,Dice,mIoU,mDice
05180056_05180245_05180604.jpg,0.14737534032790223,0.2568912458686529,0.10198732315277288,0.17863954077809938
05180245_05180604_05180745.jpg,0.14665053616715368,0.2557894171616654,0.10198732315277288,0.17863954077809938
05181248_05181749.jpg,0.04317517742312598,0.08277646623029938,0.10198732315277288,0.17863954077809938
06090855_06090917_06091036_06091358.jpg,0.07012740446559852,0.13106365498717198,0.10198732315277288,0.17863954077809938
06160010_06160101_06160131_06160155_06160449.jpg,0.10954169677993787,0.1974539525604939,0.10198732315277288,0.17863954077809938
07030739_07030803_07030817_07030920_07030944_07031102_07031306.jpg,0.2295950206127233,0.3734481951599204,0.10198732315277288,0.17863954077809938
07032112_07040030_07040251.jpg,0.13244442466302156,0.2339089173447654,0.10198732315277288,0.17863954077809938
07060912_07061031_07061054_07061212_07061322_07061415_07061556.jpg,0.016295236018533683,0.0320679177487289,0.10198732315277288,0.17863954077809938
09090835_09090928_09091250_09091431.jpg,0.022681071916959224,0.04435609994119634,0.10198732315277288,0.17863954077809938
