Image Name,IOU,Dice,mIoU,mDice
05180056_05180245_05180604.jpg,0.1457282857993242,0.2543854203575955,0.1726999316277146,0.2883545085594557
05180245_05180604_05180745.jpg,0.14740221205449291,0.2569320688175428,0.1726999316277146,0.2883545085594557
05181248_05181749.jpg,0.19785342442401752,0.33034663572323875,0.1726999316277146,0.2883545085594557
06090855_06090917_06091036_06091358.jpg,0.21562354319566662,0.35475381239956766,0.1726999316277146,0.2883545085594557
06160010_06160101_06160131_06160155_06160449.jpg,0.2795743868643648,0.43698027990302335,0.1726999316277146,0.2883545085594557
07030739_07030803_07030817_07030920_07030944_07031102_07031306.jpg,0.25209267920599276,0.40267415246905824,0.1726999316277146,0.2883545085594557
07032112_07040030_07040251.jpg,0.18058391697681128,0.30592305109363654,0.1726999316277146,0.2883545085594557
07060912_07061031_07061054_07061212_07061322_07061415_07061556.jpg,0.08012796499692824,0.14836754087217086,0.1726999316277146,0.2883545085594557
09090835_09090928_09091250_09091431.jpg,0.05531297113183316,0.10482761539926772,0.1726999316277146,0.2883545085594557
