Image Name,IOU,Dice,mIoU,mDice
05180056_05180245_05180604.jpg,0.160354022963356,0.27638810188952134,0.18411090690169743,0.3081704735284283
05180245_05180604_05180745.jpg,0.16600215800831622,0.28473730836291,0.18411090690169743,0.3081704735284283
05181248_05181749.jpg,0.13106368439459085,0.2317529705937708,0.18411090690169743,0.3081704735284283
06090855_06090917_06091036_06091358.jpg,0.20492193469991105,0.3401414295789169,0.18411090690169743,0.3081704735284283
06160010_06160101_06160131_06160155_06160449.jpg,0.24947216431754288,0.39932408490877214,0.18411090690169743,0.3081704735284283
07030739_07030803_07030817_07030920_07030944_07031102_07031306.jpg,0.21073360204847397,0.3481089509565571,0.18411090690169743,0.3081704735284283
07032112_07040030_07040251.jpg,0.2667111201653455,0.4211080425827971,0.18411090690169743,0.3081704735284283
07060912_07061031_07061054_07061212_07061322_07061415_07061556.jpg,0.1440525015763199,0.2518284805598323,0.18411090690169743,0.3081704735284283
09090835_09090928_09091250_09091431.jpg,0.1236869739414207,0.2201448923227772,0.18411090690169743,0.3081704735284283
