Image Name,IOU,Dice,mIoU,mDice
05180056_05180245_05180604.jpg,0.04953110705580925,0.09438711577545536,0.05018044496507354,0.09337158306165036
05180245_05180604_05180745.jpg,0.050939776229040785,0.09694138024125755,0.05018044496507354,0.09337158306165036
05181248_05181749.jpg,0.01850621595877195,0.0363399175553408,0.05018044496507354,0.09337158306165036
06090855_06090917_06091036_06091358.jpg,0.07337562373925045,0.13671937785141133,0.05018044496507354,0.09337158306165036
06160010_06160101_06160131_06160155_06160449.jpg,0.052984993258534535,0.10063769872839086,0.05018044496507354,0.09337158306165036
07030739_07030803_07030817_07030920_07030944_07031102_07031306.jpg,0.09681931241268868,0.17654560111585543,0.05018044496507354,0.09337158306165036
07032112_07040030_07040251.jpg,0.10552005497860309,0.19089668161767612,0.05018044496507354,0.09337158306165036
07060912_07061031_07061054_07061212_07061322_07061415_07061556.jpg,0.0012969385040676707,0.002590517266546905,0.05018044496507354,0.09337158306165036
09090835_09090928_09091250_09091431.jpg,0.0026499825488954095,0.00528595740291888,0.05018044496507354,0.09337158306165036
