Image Name,IOU,Dice,mIoU,mDice
05180056_05180245_05180604.jpg,0.2925112441169562,0.45262467997607236,0.2168907413940514,0.3444563254977148
05180245_05180604_05180745.jpg,0.29972760441742097,0.4612160323420512,0.2168907413940514,0.3444563254977148
05181248_05181749.jpg,0.23791926237601776,0.38438575052037577,0.2168907413940514,0.3444563254977148
06090855_06090917_06091036_06091358.jpg,0.19080775662053912,0.3204677758600486,0.2168907413940514,0.3444563254977148
06160010_06160101_06160131_06160155_06160449.jpg,0.15071119439313413,0.26194443076156343,0.2168907413940514,0.3444563254977148
07030739_07030803_07030817_07030920_07030944_07031102_07031306.jpg,0.2995331681823474,0.46098579938718054,0.2168907413940514,0.3444563254977148
07032112_07040030_07040251.jpg,0.35239664881197635,0.5211439249299264,0.2168907413940514,0.3444563254977148
07060912_07061031_07061054_07061212_07061322_07061415_07061556.jpg,0.09884578741916718,0.1799083885125026,0.2168907413940514,0.3444563254977148
09090835_09090928_09091250_09091431.jpg,0.029564006208903464,0.057430147189712046,0.2168907413940514,0.3444563254977148
