Image Name,IOU,Dice,mIoU,mDice
05180056_05180245_05180604.jpg,0.03383357323649917,0.06545264946384059,0.05155585436886597,0.09647795021689581
05180245_05180604_05180745.jpg,0.047480881916444055,0.09065727639739687,0.05155585436886597,0.09647795021689581
05181248_05181749.jpg,0.04160843743148751,0.07989266587373306,0.05155585436886597,0.09647795021689581
06090855_06090917_06091036_06091358.jpg,0.0995530862468323,0.18107918115466817,0.05155585436886597,0.09647795021689581
06160010_06160101_06160131_06160155_06160449.jpg,0.026723261792311832,0.052055432630720856,0.05155585436886597,0.09647795021689581
07030739_07030803_07030817_07030920_07030944_07031102_07031306.jpg,0.10524228595818305,0.19044201854246628,0.05155585436886597,0.09647795021689581
07032112_07040030_07040251.jpg,0.06800423221485624,0.1273482448170214,0.05155585436886597,0.09647795021689581
07060912_07061031_07061054_07061212_07061322_07061415_07061556.jpg,0.017207607073466056,0.03383302868324552,0.05155585436886597,0.09647795021689581
09090835_09090928_09091250_09091431.jpg,0.024349323449713547,0.04754105438896965,0.05155585436886597,0.09647795021689581
