Image Name,IOU,Dice,mIoU,mDice
05180056_05180245_05180604.jpg,0.0,0.0,7.295230453003556e-05,0.00014586064424578976
05180245_05180604_05180745.jpg,0.0,0.0,7.295230453003556e-05,0.00014586064424578976
05181248_05181749.jpg,0.00040897684704168546,0.0008176193067172293,7.295230453003556e-05,0.00014586064424578976
06090855_06090917_06091036_06091358.jpg,0.0,0.0,7.295230453003556e-05,0.00014586064424578976
06160010_06160101_06160131_06160155_06160449.jpg,0.0,0.0,7.295230453003556e-05,0.00014586064424578976
07030739_07030803_07030817_07030920_07030944_07031102_07031306.jpg,0.0,0.0,7.295230453003556e-05,0.00014586064424578976
07032112_07040030_07040251.jpg,0.00012334566162236266,0.0002466608986929797,7.295230453003556e-05,0.00014586064424578976
07060912_07061031_07061054_07061212_07061322_07061415_07061556.jpg,0.0001242482321062719,0.0002484655928018989,7.295230453003556e-05,0.00014586064424578976
09090835_09090928_09091250_09091431.jpg,0.0,0.0,7.295230453003556e-05,0.00014586064424578976
