Image Name,IOU,Dice,mIoU,mDice
11270923_11271246_11271427_ch4.jpg,0.4649991666186123,0.6348115100869091,0.27895512833869407,0.3975087910041779
11271246_11271427_11271746_ch4.jpg,0.2806070570279616,0.43824068513130904,0.27895512833869407,0.3975087910041779
12042203_12050122_12050255_ch4.jpg,0.010241186153252924,0.020274734971455308,0.27895512833869407,0.3975087910041779
12160744_12160842_12160925_12161247_12161359_ch4.jpg,0.5234771867188752,0.6872136862729034,0.27895512833869407,0.3975087910041779
12170733_12170818_12170915_12171056_12171335_ch4.jpg,0.1154510451747682,0.2070033385583128,0.27895512833869407,0.3975087910041779
