Image Name,IOU,Dice,mIoU,mDice
11270923_11271246_11271427_ch4.jpg,0.42753481784450453,0.5989833838029359,0.3443403789651916,0.4931180612437607
11271246_11271427_11271746_ch4.jpg,0.5719073587255767,0.7276603873007509,0.3443403789651916,0.4931180612437607
12042203_12050122_12050255_ch4.jpg,0.14695607853042103,0.25625406461721506,0.3443403789651916,0.4931180612437607
12160744_12160842_12160925_12161247_12161359_ch4.jpg,0.3637155326987219,0.5334184791148457,0.3443403789651916,0.4931180612437607
12170733_12170818_12170915_12171056_12171335_ch4.jpg,0.2115881070267339,0.34927399138305537,0.3443403789651916,0.4931180612437607
