Image Name,IOU,Dice,mIoU,mDice
11270923_11271246_11271427_ch4.jpg,0.5547510072358607,0.7136203863564414,0.4443419667185301,0.6095247106663618
11271246_11271427_11271746_ch4.jpg,0.4190021774231775,0.590558892846888,0.4443419667185301,0.6095247106663618
12042203_12050122_12050255_ch4.jpg,0.5471470320290241,0.707298040460268,0.4443419667185301,0.6095247106663618
12160744_12160842_12160925_12161247_12161359_ch4.jpg,0.3834892826580731,0.554379838666017,0.4443419667185301,0.6095247106663618
12170733_12170818_12170915_12171056_12171335_ch4.jpg,0.31732033424651507,0.481766395002195,0.4443419667185301,0.6095247106663618
