Image Name,IOU,Dice,mIoU,mDice
05180056_05180245_05180604.jpg,0.07979237299507098,0.14779206630946487,0.08087663139389208,0.1434145719361954
05180245_05180604_05180745.jpg,0.08449219370890465,0.15581890621074168,0.08087663139389208,0.1434145719361954
05181248_05181749.jpg,0.03032004167465078,0.05885557971942292,0.08087663139389208,0.1434145719361954
06090855_06090917_06091036_06091358.jpg,0.20254270186335405,0.33685739649745783,0.08087663139389208,0.1434145719361954
06160010_06160101_06160131_06160155_06160449.jpg,0.06756098173688045,0.12657072128462646,0.08087663139389208,0.1434145719361954
07030739_07030803_07030817_07030920_07030944_07031102_07031306.jpg,0.17552811936785062,0.2986370406217798,0.08087663139389208,0.1434145719361954
07032112_07040030_07040251.jpg,0.06831338841101565,0.12789016622289717,0.08087663139389208,0.1434145719361954
07060912_07061031_07061054_07061212_07061322_07061415_07061556.jpg,0.0095609460244259,0.018940800081612065,0.08087663139389208,0.1434145719361954
09090835_09090928_09091250_09091431.jpg,0.0097789367628756,0.019368470477755605,0.08087663139389208,0.1434145719361954
