Image Name,IOU,Dice,mIoU,mDice
05180056_05180245_05180604.jpg,0.15213629775261175,0.26409427087641096,0.16599462789543254,0.2820054505207008
05180245_05180604_05180745.jpg,0.15757807569742116,0.27225476882409516,0.16599462789543254,0.2820054505207008
05181248_05181749.jpg,0.11842864535866235,0.21177684575609945,0.16599462789543254,0.2820054505207008
06090855_06090917_06091036_06091358.jpg,0.10730153401847924,0.1938072525359448,0.16599462789543254,0.2820054505207008
06160010_06160101_06160131_06160155_06160449.jpg,0.19876536670710937,0.3316167987954111,0.16599462789543254,0.2820054505207008
07030739_07030803_07030817_07030920_07030944_07031102_07031306.jpg,0.26112146267613834,0.4141099337442575,0.16599462789543254,0.2820054505207008
07032112_07040030_07040251.jpg,0.1815339407998627,0.307285190092753,0.16599462789543254,0.2820054505207008
07060912_07061031_07061054_07061212_07061322_07061415_07061556.jpg,0.11775863666835559,0.21070494613998703,0.16599462789543254,0.2820054505207008
09090835_09090928_09091250_09091431.jpg,0.19932769138025222,0.3323990479213483,0.16599462789543254,0.2820054505207008
