Image Name,IOU,Dice,mIoU,mDice
11270923_11271246_11271427_ch4.jpg,0.6141914364390454,0.7609895859613406,0.40563222091670237,0.554578967180816
11271246_11271427_11271746_ch4.jpg,0.571677080196096,0.7274739670120641,0.40563222091670237,0.554578967180816
12042203_12050122_12050255_ch4.jpg,0.1933171871395939,0.32399966953124876,0.40563222091670237,0.554578967180816
12160744_12160842_12160925_12161247_12161359_ch4.jpg,0.43066315557749096,0.6020468953834945,0.40563222091670237,0.554578967180816
12170733_12170818_12170915_12171056_12171335_ch4.jpg,0.21831224523128567,0.358384718015932,0.40563222091670237,0.554578967180816
