Image Name,IOU,Dice,mIoU,mDice
05180056_05180245_05180604.jpg,0.01665716334867228,0.032768496498479,0.039317913743440215,0.07203561482387426
05180245_05180604_05180745.jpg,0.016513508586112894,0.032490485264837915,0.039317913743440215,0.07203561482387426
05181248_05181749.jpg,0.00018424441557095617,0.0003684209516389935,0.039317913743440215,0.07203561482387426
06090855_06090917_06091036_06091358.jpg,0.06591574383474635,0.12367908855085934,0.039317913743440215,0.07203561482387426
06160010_06160101_06160131_06160155_06160449.jpg,0.029561284785263924,0.05742501242445132,0.039317913743440215,0.07203561482387426
07030739_07030803_07030817_07030920_07030944_07031102_07031306.jpg,0.14438283173388794,0.25233309646061236,0.039317913743440215,0.07203561482387426
07032112_07040030_07040251.jpg,0.0806464469867076,0.14925593326398934,0.039317913743440215,0.07203561482387426
07060912_07061031_07061054_07061212_07061322_07061415_07061556.jpg,0.0,0.0,0.039317913743440215,0.07203561482387426
09090835_09090928_09091250_09091431.jpg,0.0,0.0,0.039317913743440215,0.07203561482387426
