Image Name,IOU,Dice,mIoU,mDice
11270923_11271246_11271427_ch4.jpg,0.4415737150760041,0.6126273120243775,0.380010666462803,0.5356557850140952
11271246_11271427_11271746_ch4.jpg,0.6150647883652478,0.7616595851709579,0.380010666462803,0.5356557850140952
12042203_12050122_12050255_ch4.jpg,0.21007634741855016,0.34721172406469225,0.380010666462803,0.5356557850140952
12160744_12160842_12160925_12161247_12161359_ch4.jpg,0.37136190169662975,0.5415957687568628,0.380010666462803,0.5356557850140952
12170733_12170818_12170915_12171056_12171335_ch4.jpg,0.26197657975758326,0.41518453505358566,0.380010666462803,0.5356557850140952
