Image Name,IOU,Dice,mIoU,mDice
05180056_05180245_05180604.jpg,0.1999445815651603,0.33325635973014767,0.20569733524541534,0.3392261187646652
05180245_05180604_05180745.jpg,0.20659546482236918,0.34244362894697844,0.20569733524541534,0.3392261187646652
05181248_05181749.jpg,0.1810425111163312,0.3065808544778093,0.20569733524541534,0.3392261187646652
06090855_06090917_06091036_06091358.jpg,0.14018437968832154,0.24589773756879926,0.20569733524541534,0.3392261187646652
06160010_06160101_06160131_06160155_06160449.jpg,0.2193275225709337,0.3597516147400412,0.20569733524541534,0.3392261187646652
07030739_07030803_07030817_07030920_07030944_07031102_07031306.jpg,0.25420122096022374,0.4053595495077031,0.20569733524541534,0.3392261187646652
07032112_07040030_07040251.jpg,0.2860396137031362,0.4448379515767612,0.20569733524541534,0.3392261187646652
07060912_07061031_07061054_07061212_07061322_07061415_07061556.jpg,0.1625588110201483,0.2796569248440903,0.20569733524541534,0.3392261187646652
09090835_09090928_09091250_09091431.jpg,0.20138191176211376,0.3352504474896564,0.20569733524541534,0.3392261187646652
