Image Name,IOU,Dice,mIoU,mDice
11270923_11271246_11271427_ch4.jpg,0.48422140077177117,0.6524921423717295,0.29688914135652944,0.42290746603216683
11271246_11271427_11271746_ch4.jpg,0.3744594111283963,0.5448824579271855,0.29688914135652944,0.42290746603216683
12042203_12050122_12050255_ch4.jpg,0.0038438671105430304,0.007658296746100944,0.29688914135652944,0.42290746603216683
12160744_12160842_12160925_12161247_12161359_ch4.jpg,0.45878922575820036,0.6290000195466845,0.29688914135652944,0.42290746603216683
12170733_12170818_12170915_12171056_12171335_ch4.jpg,0.16313180201373642,0.2805044135691337,0.29688914135652944,0.42290746603216683
