Image Name,IOU,Dice,mIoU,mDice
11270923_11271246_11271427_ch4.jpg,0.523606448061162,0.6873250618326904,0.4604114225127015,0.6189748326828759
11271246_11271427_11271746_ch4.jpg,0.5479660906103363,0.707982033888459,0.4604114225127015,0.6189748326828759
12042203_12050122_12050255_ch4.jpg,0.6054329327342219,0.7542301149922291,0.4604114225127015,0.6189748326828759
12160744_12160842_12160925_12161247_12161359_ch4.jpg,0.37582182025844657,0.546323389736396,0.4604114225127015,0.6189748326828759
12170733_12170818_12170915_12171056_12171335_ch4.jpg,0.2492298208993406,0.39901356296460494,0.4604114225127015,0.6189748326828759
