Image Name,IOU,Dice,mIoU,mDice
05180056_05180245_05180604.jpg,0.04760997789645057,0.0908925628830857,0.03898603028914972,0.07258863900648108
05180245_05180604_05180745.jpg,0.04237163954623837,0.08129852720222404,0.03898603028914972,0.07258863900648108
05181248_05181749.jpg,0.008902007705517022,0.017646922372098958,0.03898603028914972,0.07258863900648108
06090855_06090917_06091036_06091358.jpg,0.1324958400050234,0.23398909792805186,0.03898603028914972,0.07258863900648108
06160010_06160101_06160131_06160155_06160449.jpg,0.05140060414539158,0.09777548908138865,0.03898603028914972,0.07258863900648108
07030739_07030803_07030817_07030920_07030944_07031102_07031306.jpg,0.031207688301851062,0.06052648492806053,0.03898603028914972,0.07258863900648108
07032112_07040030_07040251.jpg,0.03674242035315213,0.07088051888652598,0.03898603028914972,0.07258863900648108
07060912_07061031_07061054_07061212_07061322_07061415_07061556.jpg,0.00014409464872330608,0.0002881477768939202,0.03898603028914972,0.07258863900648108
09090835_09090928_09091250_09091431.jpg,0.0,0.0,0.03898603028914972,0.07258863900648108
