Image Name,IOU,Dice,mIoU,mDice
11270923_11271246_11271427_ch4.jpg,0.5579778209059809,0.7162846780212966,0.3565704739352101,0.5026218858449284
11271246_11271427_11271746_ch4.jpg,0.4451124571174362,0.6160246628906672,0.3565704739352101,0.5026218858449284
12042203_12050122_12050255_ch4.jpg,0.08450899993050247,0.15584748478051907,0.3565704739352101,0.5026218858449284
12160744_12160842_12160925_12161247_12161359_ch4.jpg,0.4123669665210975,0.5839374274475255,0.3565704739352101,0.5026218858449284
12170733_12170818_12170915_12171056_12171335_ch4.jpg,0.2828861252010335,0.44101517608463353,0.3565704739352101,0.5026218858449284
