Image Name,IOU,Dice,mIoU,mDice
11270923_11271246_11271427_ch4.jpg,0.48142764554488926,0.6499509402199843,0.4412399455020696,0.6099555616110564
11271246_11271427_11271746_ch4.jpg,0.4249212258896733,0.5964136377073991,0.4412399455020696,0.6099555616110564
12042203_12050122_12050255_ch4.jpg,0.5280600499185709,0.6911509137964975,0.4412399455020696,0.6099555616110564
12160744_12160842_12160925_12161247_12161359_ch4.jpg,0.4176599070697243,0.5892244042268491,0.4412399455020696,0.6099555616110564
12170733_12170818_12170915_12171056_12171335_ch4.jpg,0.3541308990874903,0.523037912104552,0.4412399455020696,0.6099555616110564
