Image Name,IOU,Dice,mIoU,mDice
05180056_05180245_05180604.jpg,0.0,0.0,6.284381253907422e-06,1.2568051665960256e-05
05180245_05180604_05180745.jpg,0.0,0.0,6.284381253907422e-06,1.2568051665960256e-05
05181248_05181749.jpg,5.65594312851668e-05,0.0001131124649936423,6.284381253907422e-06,1.2568051665960256e-05
06090855_06090917_06091036_06091358.jpg,0.0,0.0,6.284381253907422e-06,1.2568051665960256e-05
06160010_06160101_06160131_06160155_06160449.jpg,0.0,0.0,6.284381253907422e-06,1.2568051665960256e-05
07030739_07030803_07030817_07030920_07030944_07031102_07031306.jpg,0.0,0.0,6.284381253907422e-06,1.2568051665960256e-05
07032112_07040030_07040251.jpg,0.0,0.0,6.284381253907422e-06,1.2568051665960256e-05
07060912_07061031_07061054_07061212_07061322_07061415_07061556.jpg,0.0,0.0,6.284381253907422e-06,1.2568051665960256e-05
09090835_09090928_09091250_09091431.jpg,0.0,0.0,6.284381253907422e-06,1.2568051665960256e-05
