Image Name,IOU,Dice,mIoU,mDice
05180056_05180245_05180604.jpg,0.4402794797802111,0.6113806187774035,0.41610907309594625,0.5794637979834838
05180245_05180604_05180745.jpg,0.45603949652777775,0.62641088736301,0.41610907309594625,0.5794637979834838
05181248_05181749.jpg,0.46200161919587085,0.6320124589875361,0.41610907309594625,0.5794637979834838
06090855_06090917_06091036_06091358.jpg,0.16970898295409187,0.2901730010237128,0.41610907309594625,0.5794637979834838
06160010_06160101_06160131_06160155_06160449.jpg,0.48297902940889087,0.6513632625019711,0.41610907309594625,0.5794637979834838
07030739_07030803_07030817_07030920_07030944_07031102_07031306.jpg,0.43666301161620724,0.6078850893849812,0.41610907309594625,0.5794637979834838
07032112_07040030_07040251.jpg,0.534077657305177,0.6962850345442869,0.41610907309594625,0.5794637979834838
07060912_07061031_07061054_07061212_07061322_07061415_07061556.jpg,0.43998292843072884,0.6110946452819623,0.41610907309594625,0.5794637979834838
09090835_09090928_09091250_09091431.jpg,0.32324945264456123,0.48856918398648974,0.41610907309594625,0.5794637979834838
