Image Name,IOU,Dice,mIoU,mDice
11270923_11271246_11271427_ch4.jpg,0.47302256388375424,0.6422475466181433,0.3820338215351583,0.5367162898023918
11271246_11271427_11271746_ch4.jpg,0.593174109545738,0.7446444252284138,0.3820338215351583,0.5367162898023918
12042203_12050122_12050255_ch4.jpg,0.1926585065956052,0.32307404932790196,0.3820338215351583,0.5367162898023918
12160744_12160842_12160925_12161247_12161359_ch4.jpg,0.3980000763572501,0.569384913617907,0.3820338215351583,0.5367162898023918
12170733_12170818_12170915_12171056_12171335_ch4.jpg,0.25331385129344386,0.40423051421959333,0.3820338215351583,0.5367162898023918
