Image Name,IOU,Dice,mIoU,mDice
05180056_05180245_05180604.jpg,0.02335229463182823,0.04563881813589853,0.05435636794592327,0.09961221593868569
05180245_05180604_05180745.jpg,0.02615300295687716,0.050972911216001594,0.05435636794592327,0.09961221593868569
05181248_05181749.jpg,0.03627820775672519,0.07001634789803819,0.05435636794592327,0.09961221593868569
06090855_06090917_06091036_06091358.jpg,0.079336067838395,0.1470090182333714,0.05435636794592327,0.09961221593868569
06160010_06160101_06160131_06160155_06160449.jpg,0.058047897565108114,0.1097264078473084,0.05435636794592327,0.09961221593868569
07030739_07030803_07030817_07030920_07030944_07031102_07031306.jpg,0.14779419107536546,0.25752733760901414,0.05435636794592327,0.09961221593868569
07032112_07040030_07040251.jpg,0.10717707981935697,0.1936042242435936,0.05435636794592327,0.09961221593868569
07060912_07061031_07061054_07061212_07061322_07061415_07061556.jpg,0.005861997024781394,0.01165566855517054,0.05435636794592327,0.09961221593868569
09090835_09090928_09091250_09091431.jpg,0.005206572844871983,0.010359209709774718,0.05435636794592327,0.09961221593868569
