Image Name,IOU,Dice,mIoU,mDice
05180056_05180245_05180604.jpg,0.20458059244982613,0.3396710751146315,0.13580291436423772,0.2301588903945311
05180245_05180604_05180745.jpg,0.2160941772006506,0.35539053019410344,0.13580291436423772,0.2301588903945311
05181248_05181749.jpg,0.14983770420368345,0.2606240926974178,0.13580291436423772,0.2301588903945311
06090855_06090917_06091036_06091358.jpg,0.19263690141776,0.32304367102638,0.13580291436423772,0.2301588903945311
06160010_06160101_06160131_06160155_06160449.jpg,0.08428950300953175,0.15547416584884302,0.13580291436423772,0.2301588903945311
07030739_07030803_07030817_07030920_07030944_07031102_07031306.jpg,0.18477169470957863,0.31191105515881096,0.13580291436423772,0.2301588903945311
07032112_07040030_07040251.jpg,0.17942523902570404,0.3042587746789666,0.13580291436423772,0.2301588903945311
07060912_07061031_07061054_07061212_07061322_07061415_07061556.jpg,0.003504886643649264,0.006985290635448337,0.13580291436423772,0.2301588903945311
09090835_09090928_09091250_09091431.jpg,0.007085530617755468,0.014071358196178508,0.13580291436423772,0.2301588903945311
