Image Name,IOU,Dice,mIoU,mDice
05180056_05180245_05180604.jpg,0.3930414146669491,0.5642925049158257,0.3536965968688108,0.5069332587206077
05180245_05180604_05180745.jpg,0.42415975456290705,0.5956631665849694,0.3536965968688108,0.5069332587206077
05181248_05181749.jpg,0.5665158855345352,0.7232813797368235,0.3536965968688108,0.5069332587206077
06090855_06090917_06091036_06091358.jpg,0.20614690773851432,0.3418271960337452,0.3536965968688108,0.5069332587206077
06160010_06160101_06160131_06160155_06160449.jpg,0.4623328181527755,0.6323222899925013,0.3536965968688108,0.5069332587206077
07030739_07030803_07030817_07030920_07030944_07031102_07031306.jpg,0.3572265849333583,0.5264067015765074,0.3536965968688108,0.5069332587206077
07032112_07040030_07040251.jpg,0.4392794530375184,0.6104157911939114,0.3536965968688108,0.5069332587206077
07060912_07061031_07061054_07061212_07061322_07061415_07061556.jpg,0.12250841097916278,0.2182761568303953,0.3536965968688108,0.5069332587206077
09090835_09090928_09091250_09091431.jpg,0.21205814221357633,0.34991414162078976,0.3536965968688108,0.5069332587206077
