Image Name,IOU,Dice,mIoU,mDice
11270923_11271246_11271427_ch4.jpg,0.006434050977480821,0.012785837226456848,0.09148045380697474,0.1271615612279391
11271246_11271427_11271746_ch4.jpg,0.0013492510802548207,0.002694866109500256,0.09148045380697474,0.1271615612279391
12042203_12050122_12050255_ch4.jpg,0.0,0.0,0.09148045380697474,0.1271615612279391
12160744_12160842_12160925_12161247_12161359_ch4.jpg,0.44961896697713805,0.6203271028037384,0.09148045380697474,0.1271615612279391
12170733_12170818_12170915_12171056_12171335_ch4.jpg,0.0,0.0,0.09148045380697474,0.1271615612279391
