Image Name,IOU,Dice,mIoU,mDice
11270923_11271246_11271427_ch4.jpg,0.5201138665881789,0.6843090876547939,0.4501402902194605,0.609444824482997
11271246_11271427_11271746_ch4.jpg,0.6764733860301583,0.807019534777141,0.4501402902194605,0.609444824482997
12042203_12050122_12050255_ch4.jpg,0.37936064178923057,0.550052872752908,0.4501402902194605,0.609444824482997
12160744_12160842_12160925_12161247_12161359_ch4.jpg,0.2934673770766741,0.45376850205519786,0.4501402902194605,0.609444824482997
12170733_12170818_12170915_12171056_12171335_ch4.jpg,0.3812861796130606,0.5520741251749441,0.4501402902194605,0.609444824482997
